{
	"version": "0.0.4",
	"author": "yamoo9",
	"email": "yamoo9@naver.com",
	"navigation": {
		"title": "메인 메뉴",
		"items": [
			{ "link": "#menu", "text": "메뉴" },
			{ "link": "#members", "text": "이디야멤버스" },
			{ "link": "#coffee-lab", "text": "이디야커피랩" },
			{ "link": "#culture-lab", "text": "이디야컬쳐랩" },
			{ "link": "#notice", "text": "공지사항" },
			{ "link": "#find-store", "text": "매장찾기" }
		]
	},
	"beverage_menu": [
		{
			"id": "1",
			"figure": {
				"name": "ICED-벚꽃라떼",
				"src": "https://yamoo9.github.io/assets/images/ediya/iced-cherry-blossoms-latte.png",
				"width": 323,
				"height": 323
			},
			"detail": {
				"ko": "ICED 벚꽃라떼",
				"en": "Cherry Blossom Latte",
				"desc": "은은한 벚꽃향과 라즈베리 화이트 초콜릿 토핑이 올라간 핑크빛 라떼",
				"display_criteria": [
					[
						"칼로리",
						"393kcal"
					],
					[
						"당류",
						"35g"
					],
					[
						"단백질",
						"7g"
					],
					[
						"포화지방",
						"18.6g"
					],
					[
						"나트륨",
						"149mg"
					],
					[
						"카페인",
						"0mg"
					]
				]
			}
		},
		{
			"id": "2",
			"figure": {
				"name": "HOT-벚꽃라떼",
				"src": "https://yamoo9.github.io/assets/images/ediya/hot-cherry-blossoms-latte.png",
				"width": 323,
				"height": 323
			},
			"detail": {
				"ko": "HOT 벚꽃라떼",
				"en": "Cherry Blossom Latte",
				"desc": "은은한 벚꽃향과 라즈베리 화이트 초콜릿 토핑이 올라간 핑크빛 라떼",
				"display_criteria": [
					[
						"칼로리",
						"430kcal"
					],
					[
						"당류",
						"38g"
					],
					[
						"단백질",
						"10g"
					],
					[
						"포화지방",
						"19.0g"
					],
					[
						"나트륨",
						"149mg"
					],
					[
						"카페인",
						"0mg"
					]
				]
			}
		},
		{
			"id": "3",
			"figure": {
				"name": "ICED-브라우니-쇼콜라",
				"src": "https://yamoo9.github.io/assets/images/ediya/iced-brownie-chocolate.png",
				"width": 323,
				"height": 323
			},
			"detail": {
				"ko": "ICED 브라우니 쇼콜라",
				"en": "Brownie Chocolate",
				"desc": "깊고 진한 초콜릿의 맛에 부드러운 휘핑크림과 브라우니를 함께 어울러져 고급스러운 디저트 같은 초콜릿 음료",
				"display_criteria": [
					[
						"칼로리",
						"503kcal"
					],
					[
						"당류",
						"42g"
					],
					[
						"단백질",
						"9g"
					],
					[
						"포화지방",
						"20.8g"
					],
					[
						"나트륨",
						"262mg"
					],
					[
						"카페인",
						"12mg"
					]
				]
			}
		},
		{
			"id": "4",
			"figure": {
				"name": "HOT-브라우니-쇼콜라",
				"src": "https://yamoo9.github.io/assets/images/ediya/hot-brownie-chocolate.png",
				"width": 323,
				"height": 323
			},
			"detail": {
				"ko": "HOT 브라우니 쇼콜라",
				"en": "Brownie Chocolate",
				"desc": "깊고 진한 초콜릿의 맛에 부드러운 휘핑크림과 브라우니를 함께 어울러져 고급스러운 디저트 같은 초콜릿 음료",
				"display_criteria": [
					[
						"칼로리",
						"503kcal"
					],
					[
						"당류",
						"42g"
					],
					[
						"단백질",
						"9g"
					],
					[
						"포화지방",
						"20.9g"
					],
					[
						"나트륨",
						"299mg"
					],
					[
						"카페인",
						"12mg"
					]
				]
			}
		},
		{
			"id": "5",
			"figure": {
				"name": "제주청귤-오리지널",
				"src": "https://yamoo9.github.io/assets/images/ediya/jeju-green-tangerine-tea.png",
				"width": 323,
				"height": 323
			},
			"detail": {
				"ko": "제주청귤 오리지널",
				"en": "Jeju Green Tangerine Tea",
				"desc": "청정 제주지역에서 자라난 귀한 청귤의 풍부한 과육을 맛볼 수 있는 새콤달콤한 홈메이드 스타일 과일차",
				"display_criteria": [
					[
						"칼로리",
						"218kcal"
					],
					[
						"당류",
						"51g"
					],
					[
						"단백질",
						"0g"
					],
					[
						"포화지방",
						"0.1g"
					],
					[
						"나트륨",
						"4mg"
					],
					[
						"카페인",
						"0mg"
					]
				]
			}
		},
		{
			"id": "6",
			"figure": {
				"name": "제주청귤-블라썸",
				"src": "https://yamoo9.github.io/assets/images/ediya/jeju-green-tangerine-blossom.png",
				"width": 323,
				"height": 323
			},
			"detail": {
				"ko": "제주청귤 블라썸",
				"en": "Jeju Green Tangerine Tea",
				"desc": "청귤의 새콤함이 복숭아, 포도 등의 다양한 과일향과 함께 어우러져 밸런스가 훌륭한 블렌딩티",
				"display_criteria": [
					[
						"칼로리",
						"202kcal"
					],
					[
						"당류",
						"46g"
					],
					[
						"단백질",
						"1g"
					],
					[
						"포화지방",
						"0.1g"
					],
					[
						"나트륨",
						"5mg"
					],
					[
						"카페인",
						"0mg"
					]
				]
			}
		},
		{
			"id": "7",
			"figure": {
				"name": "석류-오리지널",
				"src": "https://yamoo9.github.io/assets/images/ediya/pomegranate-tea.png",
				"width": 323,
				"height": 323
			},
			"detail": {
				"ko": "석류 오리지널",
				"en": "Pomegranate Tea",
				"desc": "석류 특유의 산뜻한 향과 깔끔한 뒷맛이 느껴지며, 과육이 한알 한알 살아있는 붉은 빛의 매력적인 과일차",
				"display_criteria": [
					[
						"칼로리",
						"210kcal"
					],
					[
						"당류",
						"42g"
					],
					[
						"단백질",
						"0g"
					],
					[
						"포화지방",
						"0.1g"
					],
					[
						"나트륨",
						"5mg"
					],
					[
						"카페인",
						"0mg"
					]
				]
			}
		},
		{
			"id": "8",
			"figure": {
				"name": "석류-애플라임",
				"src": "https://yamoo9.github.io/assets/images/ediya/pomegranate-apple-lime.png",
				"width": 323,
				"height": 323
			},
			"detail": {
				"ko": "석류 애플라임",
				"en": "Pomegranate Apple Lime",
				"desc": "산뜻한 석류에 다양한 과일과 꽃, 그리고 샴페인의 향이 더해져 보다 깊고 중후한 맛이 느껴지는 블렌딩티",
				"display_criteria": [
					[
						"칼로리",
						"220kcal"
					],
					[
						"당류",
						"42g"
					],
					[
						"단백질",
						"1g"
					],
					[
						"포화지방",
						"0.1g"
					],
					[
						"나트륨",
						"7mg"
					],
					[
						"카페인",
						"0mg"
					]
				]
			}
		}
	]
}
